t,gx,gy,gz,ax,ay,az,temp
3,84.00,-7.00,-168.00,1940.00,-12084.00,7764.00,-3200.00
59,78.00,37.00,-181.00,1932.00,-12032.00,7764.00,-3184.00
115,83.00,-9.00,-186.00,1860.00,-12072.00,7852.00,-3216.00
172,84.00,-13.00,-166.00,1856.00,-12044.00,7832.00,-3200.00
228,85.00,-3.00,-164.00,1960.00,-12072.00,7704.00,-3184.00
284,85.00,-12.00,-172.00,1924.00,-12068.00,7748.00,-3184.00
340,87.00,-4.00,-146.00,1924.00,-12080.00,7744.00,-3216.00
397,88.00,0.00,-177.00,1900.00,-12048.00,7728.00,-3200.00
453,97.00,-6.00,-160.00,1984.00,-12064.00,7676.00,-3200.00
509,90.00,17.00,-174.00,1992.00,-12108.00,7836.00,-3184.00
566,81.00,-25.00,-154.00,1960.00,-12076.00,7720.00,-3216.00
622,76.00,7.00,-163.00,1940.00,-12044.00,7760.00,-3168.00
678,85.00,-4.00,-153.00,1988.00,-12148.00,7720.00,-3184.00
736,84.00,10.00,-178.00,1952.00,-12128.00,7768.00,-3216.00
792,77.00,30.00,-179.00,1964.00,-12020.00,7808.00,-3200.00
848,79.00,15.00,-163.00,1908.00,-12108.00,7836.00,-3168.00
905,73.00,-7.00,-159.00,2052.00,-12112.00,7816.00,-3152.00
961,111.00,-12.00,-172.00,2008.00,-12112.00,7800.00,-3184.00
1017,85.00,22.00,-187.00,1900.00,-12104.00,7652.00,-3200.00
1074,79.00,15.00,-161.00,1920.00,-12132.00,7708.00,-3184.00
1130,60.00,-1.00,-166.00,1912.00,-12180.00,7888.00,-3200.00
1186,92.00,-4.00,-170.00,1972.00,-12116.00,7804.00,-3184.00
1243,105.00,0.00,-158.00,2000.00,-12040.00,7640.00,-3200.00
1300,83.00,3.00,-183.00,1912.00,-12180.00,7756.00,-3184.00
1356,80.00,0.00,-169.00,1900.00,-12084.00,7812.00,-3184.00
1413,86.00,-22.00,-206.00,1928.00,-12080.00,7760.00,-3168.00
1469,74.00,-17.00,-173.00,1972.00,-12120.00,7820.00,-3200.00
1525,89.00,9.00,-171.00,1900.00,-12048.00,7780.00,-3184.00
1582,72.00,-10.00,-221.00,1916.00,-12084.00,7760.00,-3200.00
1638,88.00,33.00,-170.00,1820.00,-12080.00,7776.00,-3184.00
1694,78.00,12.00,-180.00,1972.00,-12092.00,7896.00,-3168.00
1752,82.00,-2.00,-180.00,1952.00,-12132.00,7628.00,-3184.00
1808,83.00,14.00,-176.00,1996.00,-12096.00,7956.00,-3200.00
1864,79.00,-11.00,-170.00,1904.00,-12180.00,7744.00,-3200.00
1921,81.00,-26.00,-145.00,1984.00,-12104.00,7720.00,-3152.00
1977,88.00,35.00,-184.00,2032.00,-12144.00,7708.00,-3200.00
2033,77.00,3.00,-170.00,1824.00,-12080.00,7752.00,-3152.00
2089,84.00,26.00,-181.00,1932.00,-12060.00,7800.00,-3168.00
2146,96.00,-11.00,-200.00,1960.00,-12092.00,7756.00,-3184.00
2203,82.00,4.00,-144.00,1912.00,-12112.00,7768.00,-3168.00
2259,100.00,-2.00,-196.00,1944.00,-12064.00,7808.00,-3200.00
2316,85.00,-9.00,-177.00,2000.00,-12060.00,7712.00,-3184.00
2372,69.00,-1.00,-181.00,1904.00,-12084.00,7760.00,-3200.00
2428,86.00,3.00,-160.00,1996.00,-12060.00,7636.00,-3200.00
2485,89.00,19.00,-200.00,1924.00,-12076.00,7888.00,-3216.00
2541,90.00,14.00,-168.00,1916.00,-12084.00,7880.00,-3200.00
2597,-107.00,-869.00,2967.00,3192.00,-12768.00,4964.00,-3152.00
2655,735.00,1721.00,-99.00,1332.00,-11944.00,7916.00,-3184.00
2711,42.00,-33.00,-195.00,1884.00,-12024.00,7628.00,-3184.00
2767,200.00,337.00,-180.00,1428.00,-11924.00,7888.00,-3184.00
2824,-95.00,-463.00,-154.00,1444.00,-11956.00,7840.00,-3200.00
2880,37.00,-164.00,-172.00,1900.00,-12108.00,7680.00,-3216.00
2937,86.00,-41.00,-141.00,1564.00,-12088.00,7912.00,-3184.00
2994,78.00,22.00,-171.00,1792.00,-12088.00,7852.00,-3168.00
3050,93.00,107.00,-153.00,1672.00,-11980.00,7808.00,-3184.00
3106,-93.00,-433.00,-175.00,2044.00,-12448.00,7412.00,-3184.00
3163,-316.00,-619.00,-278.00,1904.00,-12556.00,7756.00,-3200.00
3220,97.00,49.00,-176.00,1588.00,-11996.00,7748.00,-3168.00
3276,107.00,172.00,-1956.00,756.00,-10696.00,7804.00,-3184.00
3333,97.00,914.00,-1656.00,4956.00,-12148.00,7300.00,-3184.00
3389,-196.00,2620.00,529.00,320.00,-11952.00,4968.00,-3184.00
3445,-47.00,12505.00,-1604.00,1016.00,-11900.00,8176.00,-3216.00
3503,-167.00,15646.00,-716.00,-2432.00,-12184.00,6656.00,-3184.00
3559,277.00,16128.00,-2332.00,-1736.00,-12164.00,7956.00,-3152.00
3616,2007.00,20026.00,-5511.00,-7800.00,-12124.00,3760.00,-3200.00
3673,-143.00,12450.00,-454.00,-6408.00,-12160.00,5448.00,-3184.00
3729,-235.00,13370.00,-411.00,-9064.00,-12272.00,3676.00,-3200.00
3786,-705.00,11284.00,183.00,-8896.00,-12148.00,3540.00,-3184.00
3843,-1075.00,13939.00,278.00,-9240.00,-12088.00,3408.00,-3200.00
3899,-123.00,8635.00,-346.00,-11852.00,-12364.00,556.00,-3216.00
3956,-1873.00,10346.00,666.00,-10932.00,-12072.00,1720.00,-3216.00
4013,-1006.00,10501.00,41.00,-12164.00,-12476.00,-836.00,-3216.00
4070,-456.00,11440.00,-317.00,-13316.00,-12336.00,-2388.00,-3200.00
4126,-1305.00,14796.00,-124.00,-14224.00,-12328.00,-4548.00,-3216.00
4183,-655.00,21592.00,-468.00,-13680.00,-12176.00,-6044.00,-3184.00
4240,-11.00,2775.00,-111.00,-19720.00,-12840.00,-12904.00,-3184.00
4296,199.00,-69.00,-207.00,-14700.00,-12524.00,-9052.00,-3168.00
4353,85.00,18.00,-180.00,-14704.00,-12512.00,-9056.00,-3168.00
4410,60.00,99.00,-180.00,-14680.00,-12356.00,-9028.00,-3168.00
4466,72.00,-21.00,-174.00,-14732.00,-12348.00,-9016.00,-3200.00
4523,102.00,71.00,-167.00,-14600.00,-12420.00,-9048.00,-3216.00
4579,96.00,8.00,-178.00,-14636.00,-12428.00,-9164.00,-3200.00
4635,92.00,-6.00,-202.00,-14824.00,-12480.00,-9084.00,-3184.00
4692,86.00,62.00,-191.00,-14728.00,-12372.00,-9120.00,-3184.00
4749,96.00,-10.00,-176.00,-14748.00,-12376.00,-9116.00,-3200.00
4805,73.00,42.00,-184.00,-14668.00,-12444.00,-8948.00,-3200.00
4861,82.00,-2.00,-178.00,-14736.00,-12428.00,-9180.00,-3168.00
4918,69.00,31.00,-187.00,-14692.00,-12404.00,-9284.00,-3184.00
4975,70.00,-2.00,-194.00,-14724.00,-12588.00,-9120.00,-3216.00
5031,81.00,-9.00,-185.00,-14732.00,-12412.00,-9128.00,-3168.00
5088,85.00,0.00,-210.00,-14760.00,-12420.00,-9068.00,-3200.00
5144,95.00,2.00,-186.00,-14800.00,-12428.00,-9140.00,-3184.00
5200,84.00,-18.00,-171.00,-14744.00,-12456.00,-9228.00,-3168.00
5257,105.00,18.00,-183.00,-14768.00,-12460.00,-9044.00,-3200.00
5314,81.00,-21.00,-182.00,-14828.00,-12308.00,-9096.00,-3200.00
5370,87.00,28.00,-197.00,-14728.00,-12456.00,-9136.00,-3200.00
5427,93.00,-3.00,-197.00,-14636.00,-12512.00,-9144.00,-3200.00
5483,93.00,0.00,-195.00,-14664.00,-12404.00,-9188.00,-3184.00
5539,80.00,-28.00,-189.00,-14748.00,-12412.00,-9128.00,-3200.00
5597,78.00,44.00,-184.00,-14812.00,-12340.00,-9208.00,-3184.00
5653,81.00,4.00,-187.00,-14764.00,-12516.00,-9252.00,-3184.00
5709,86.00,50.00,-218.00,-14832.00,-12468.00,-9144.00,-3168.00
5766,78.00,-50.00,-217.00,-14828.00,-12420.00,-9192.00,-3200.00
5822,83.00,17.00,-166.00,-14728.00,-12472.00,-9072.00,-3184.00
5879,78.00,10.00,-195.00,-14752.00,-12404.00,-9116.00,-3216.00
5936,96.00,42.00,-202.00,-14596.00,-12416.00,-9104.00,-3184.00
5992,89.00,32.00,-203.00,-14772.00,-12472.00,-9152.00,-3200.00
6048,98.00,-41.00,-202.00,-14724.00,-12432.00,-9152.00,-3184.00
6105,96.00,46.00,-181.00,-14736.00,-12472.00,-9212.00,-3184.00
6162,95.00,26.00,-192.00,-14844.00,-12500.00,-9188.00,-3152.00
6218,97.00,23.00,-172.00,-14672.00,-12400.00,-9224.00,-3184.00
6275,94.00,-25.00,-199.00,-14776.00,-12440.00,-9168.00,-3168.00
6331,94.00,12.00,-194.00,-14728.00,-12396.00,-9328.00,-3168.00
6387,96.00,11.00,-183.00,-14760.00,-12368.00,-9236.00,-3168.00
6445,87.00,4.00,-196.00,-14732.00,-12444.00,-9176.00,-3184.00
6501,83.00,9.00,-156.00,-14704.00,-12440.00,-9112.00,-3184.00
6557,82.00,6.00,-174.00,-14700.00,-12524.00,-9152.00,-3184.00
6614,72.00,26.00,-179.00,-14740.00,-12472.00,-9140.00,-3184.00
6670,94.00,-35.00,-214.00,-14776.00,-12488.00,-9116.00,-3184.00
6727,79.00,57.00,-204.00,-14744.00,-12500.00,-9136.00,-3168.00
6784,76.00,-11.00,-194.00,-14768.00,-12436.00,-9132.00,-3200.00
6840,89.00,46.00,-192.00,-14732.00,-12484.00,-8904.00,-3152.00
6896,85.00,4.00,-192.00,-14648.00,-12496.00,-9340.00,-3152.00
6952,100.00,-7.00,-195.00,-14724.00,-12480.00,-9064.00,-3200.00
7009,84.00,54.00,-202.00,-14724.00,-12496.00,-9264.00,-3200.00
7066,81.00,9.00,-180.00,-14680.00,-12400.00,-9116.00,-3152.00
7122,82.00,2.00,-172.00,-14772.00,-12468.00,-9172.00,-3200.00
7179,87.00,-5.00,-171.00,-14752.00,-12464.00,-9104.00,-3216.00
7235,91.00,16.00,-159.00,-14740.00,-12496.00,-9288.00,-3168.00
7291,80.00,20.00,-194.00,-14804.00,-12480.00,-9172.00,-3168.00
7349,89.00,34.00,-179.00,-14724.00,-12420.00,-8988.00,-3152.00
7405,94.00,0.00,-181.00,-14684.00,-12456.00,-9048.00,-3184.00
7461,89.00,30.00,-199.00,-14708.00,-12440.00,-9196.00,-3200.00
7518,107.00,-34.00,-180.00,-14692.00,-12352.00,-9120.00,-3152.00
7574,73.00,35.00,-175.00,-14760.00,-12512.00,-9204.00,-3216.00
7631,92.00,16.00,-182.00,-14720.00,-12420.00,-9096.00,-3184.00
7688,91.00,8.00,-179.00,-14680.00,-12492.00,-9032.00,-3200.00
7744,74.00,5.00,-203.00,-14724.00,-12396.00,-9164.00,-3184.00
7800,109.00,7.00,-163.00,-14688.00,-12512.00,-9028.00,-3200.00
7857,77.00,19.00,-172.00,-14724.00,-12460.00,-9180.00,-3168.00
7913,95.00,-16.00,-187.00,-14820.00,-12332.00,-9060.00,-3184.00
7970,96.00,26.00,-191.00,-14680.00,-12428.00,-9200.00,-3184.00
8027,85.00,-1.00,-201.00,-14744.00,-12380.00,-9140.00,-3168.00
8083,84.00,-1.00,-183.00,-14688.00,-12376.00,-9128.00,-3152.00
8139,91.00,3.00,-205.00,-14748.00,-12500.00,-9140.00,-3168.00
8196,83.00,30.00,-174.00,-14644.00,-12392.00,-9128.00,-3184.00
8253,78.00,-12.00,-176.00,-14752.00,-12492.00,-9240.00,-3184.00
8309,95.00,-1.00,-207.00,-14784.00,-12384.00,-9044.00,-3168.00
8366,103.00,-4.00,-183.00,-14664.00,-12400.00,-9100.00,-3200.00
8422,101.00,-16.00,-190.00,-14792.00,-12400.00,-9104.00,-3184.00
8478,78.00,-5.00,-186.00,-14680.00,-12452.00,-9184.00,-3184.00
8536,89.00,-54.00,-195.00,-14812.00,-12412.00,-9032.00,-3200.00
8592,98.00,76.00,-196.00,-14788.00,-12376.00,-9096.00,-3168.00
8648,98.00,-19.00,-177.00,-14664.00,-12460.00,-9044.00,-3184.00
8705,89.00,70.00,-185.00,-14652.00,-12424.00,-9112.00,-3168.00
8761,101.00,3.00,-176.00,-14724.00,-12428.00,-9212.00,-3168.00
8818,99.00,-40.00,-212.00,-14676.00,-12392.00,-9044.00,-3184.00
8875,79.00,22.00,-191.00,-14776.00,-12368.00,-9244.00,-3184.00
8931,94.00,-36.00,-185.00,-14708.00,-12352.00,-9040.00,-3168.00
8987,96.00,20.00,-193.00,-14704.00,-12420.00,-9164.00,-3136.00
9043,87.00,22.00,-206.00,-14720.00,-12420.00,-8904.00,-3216.00
9101,90.00,49.00,-180.00,-14716.00,-12440.00,-9228.00,-3184.00
9157,85.00,31.00,-198.00,-14776.00,-12476.00,-9020.00,-3168.00
9213,68.00,-27.00,-182.00,-14672.00,-12456.00,-9188.00,-3184.00
9270,104.00,34.00,-211.00,-14764.00,-12420.00,-9176.00,-3152.00
9326,98.00,25.00,-151.00,-14796.00,-12388.00,-9192.00,-3152.00
9383,99.00,16.00,-196.00,-14708.00,-12384.00,-9100.00,-3184.00
9440,82.00,-2.00,-182.00,-14688.00,-12428.00,-9160.00,-3152.00
9496,86.00,0.00,-192.00,-14632.00,-12420.00,-9152.00,-3200.00
9552,92.00,86.00,-194.00,-14712.00,-12400.00,-9120.00,-3152.00
9609,90.00,-6.00,-194.00,-14628.00,-12352.00,-9108.00,-3200.00
9666,84.00,1.00,-171.00,-14824.00,-12508.00,-9104.00,-3168.00
9722,79.00,-14.00,-169.00,-14688.00,-12428.00,-9168.00,-3184.00
9779,86.00,-19.00,-186.00,-14692.00,-12444.00,-9124.00,-3216.00
9835,82.00,-14.00,-182.00,-14680.00,-12344.00,-9156.00,-3168.00
9891,77.00,15.00,-160.00,-14732.00,-12500.00,-9168.00,-3168.00
9949,91.00,32.00,-172.00,-14800.00,-12504.00,-9188.00,-3184.00
10005,82.00,-9.00,-168.00,-14764.00,-12416.00,-9012.00,-3184.00
10061,93.00,-4.00,-188.00,-14720.00,-12392.00,-9120.00,-3200.00
10118,82.00,-30.00,-185.00,-14704.00,-12348.00,-9216.00,-3184.00
10174,104.00,13.00,-176.00,-14704.00,-12416.00,-9052.00,-3184.00
10231,91.00,15.00,-188.00,-14712.00,-12420.00,-9144.00,-3216.00
10288,87.00,31.00,-155.00,-14652.00,-12392.00,-9108.00,-3184.00
10344,95.00,62.00,-179.00,-14784.00,-12332.00,-9028.00,-3184.00
10400,95.00,2.00,-189.00,-14744.00,-12488.00,-9052.00,-3184.00
10458,96.00,-1.00,-188.00,-14700.00,-12428.00,-9164.00,-3168.00
10514,81.00,38.00,-181.00,-14780.00,-12476.00,-9160.00,-3168.00
10570,91.00,-11.00,-170.00,-14656.00,-12460.00,-9092.00,-3184.00
10627,91.00,26.00,-196.00,-14772.00,-12348.00,-9208.00,-3184.00
10684,83.00,12.00,-207.00,-14704.00,-12540.00,-9220.00,-3152.00
10740,92.00,-11.00,-187.00,-14648.00,-12416.00,-9196.00,-3120.00
10797,91.00,24.00,-187.00,-14840.00,-12400.00,-9060.00,-3168.00
10853,82.00,14.00,-177.00,-14764.00,-12480.00,-9016.00,-3168.00
10910,96.00,27.00,-174.00,-14740.00,-12408.00,-9172.00,-3136.00
10967,86.00,22.00,-166.00,-14692.00,-12388.00,-9176.00,-3184.00
11023,92.00,-9.00,-171.00,-14748.00,-12452.00,-9084.00,-3152.00
11079,86.00,57.00,-187.00,-14656.00,-12308.00,-9288.00,-3184.00
11136,81.00,10.00,-185.00,-14820.00,-12336.00,-9120.00,-3168.00
11193,94.00,16.00,-173.00,-14816.00,-12468.00,-9040.00,-3168.00
11249,108.00,-6.00,-170.00,-14680.00,-12392.00,-9224.00,-3200.00
11305,100.00,25.00,-199.00,-14784.00,-12360.00,-9176.00,-3168.00
11363,83.00,19.00,-166.00,-14800.00,-12540.00,-9088.00,-3200.00
11419,100.00,15.00,-201.00,-14840.00,-12404.00,-9096.00,-3200.00
11475,89.00,-3.00,-181.00,-14700.00,-12424.00,-9068.00,-3184.00
11532,95.00,-5.00,-195.00,-14720.00,-12448.00,-9000.00,-3200.00
11588,89.00,35.00,-187.00,-14804.00,-12500.00,-9064.00,-3168.00
11645,58.00,30.00,-178.00,-14764.00,-12504.00,-9180.00,-3168.00
11702,94.00,-11.00,-175.00,-14696.00,-12440.00,-9020.00,-3200.00
11758,92.00,12.00,-192.00,-14848.00,-12504.00,-9160.00,-3168.00
11814,98.00,6.00,-192.00,-14736.00,-12308.00,-9040.00,-3168.00
11872,78.00,67.00,-204.00,-14648.00,-12420.00,-9108.00,-3216.00
11928,75.00,-10.00,-200.00,-14736.00,-12380.00,-9104.00,-3184.00
11984,65.00,30.00,-183.00,-14780.00,-12452.00,-9080.00,-3184.00
12041,95.00,5.00,-177.00,-14696.00,-12460.00,-9280.00,-3184.00
12098,93.00,-22.00,-184.00,-14720.00,-12440.00,-9252.00,-3152.00
12154,72.00,17.00,-167.00,-14768.00,-12492.00,-9212.00,-3152.00
12211,80.00,8.00,-164.00,-14696.00,-12460.00,-9088.00,-3216.00
12267,106.00,-37.00,-183.00,-14796.00,-12452.00,-9156.00,-3200.00
12324,95.00,14.00,-186.00,-14756.00,-12484.00,-9120.00,-3184.00
12381,88.00,2.00,-188.00,-14640.00,-12388.00,-9064.00,-3152.00
12437,75.00,67.00,-169.00,-14748.00,-12452.00,-9248.00,-3200.00
12493,73.00,-47.00,-171.00,-14668.00,-12432.00,-9040.00,-3200.00
12551,80.00,16.00,-195.00,-14668.00,-12500.00,-9152.00,-3168.00
12607,74.00,0.00,-202.00,-14704.00,-12440.00,-9092.00,-3168.00
12663,91.00,1.00,-204.00,-14676.00,-12484.00,-9272.00,-3152.00
12720,79.00,2.00,-175.00,-14660.00,-12504.00,-9276.00,-3152.00
12776,96.00,-35.00,-181.00,-14784.00,-12360.00,-9156.00,-3184.00
12833,79.00,16.00,-180.00,-14676.00,-12508.00,-9048.00,-3184.00
12890,91.00,-64.00,-205.00,-14804.00,-12440.00,-9252.00,-3184.00
12946,89.00,100.00,-178.00,-14792.00,-12524.00,-9088.00,-3184.00
13002,89.00,60.00,-222.00,-14672.00,-12400.00,-8988.00,-3184.00
13060,88.00,145.00,-148.00,-14772.00,-12488.00,-9204.00,-3152.00
13116,65.00,40.00,-181.00,-14600.00,-12436.00,-8968.00,-3184.00
13172,71.00,-49.00,-235.00,-14776.00,-12380.00,-9240.00,-3184.00
13229,71.00,72.00,-235.00,-14720.00,-12436.00,-9052.00,-3184.00
13286,87.00,-33.00,-188.00,-14848.00,-12416.00,-9228.00,-3184.00
13342,101.00,-23.00,-189.00,-14784.00,-12532.00,-9164.00,-3152.00
13399,90.00,-12.00,-178.00,-14832.00,-12436.00,-9216.00,-3152.00
13456,-2306.00,542.00,-54.00,-14968.00,-13740.00,-9244.00,-3168.00
13512,55.00,384.00,-272.00,-14776.00,-12500.00,-9156.00,-3152.00
13569,-173.00,2490.00,-221.00,-14928.00,-12376.00,-11360.00,-3152.00
13626,210.00,997.00,-227.00,-14816.00,-12452.00,-9992.00,-3184.00
13682,114.00,21.00,-189.00,-14744.00,-12500.00,-9400.00,-3184.00
13739,141.00,336.00,-202.00,-14744.00,-12364.00,-9872.00,-3168.00
13796,99.00,-231.00,-157.00,-14604.00,-12472.00,-9728.00,-3152.00
13852,91.00,416.00,-207.00,-14764.00,-12384.00,-9696.00,-3136.00
13908,93.00,-241.00,-157.00,-14640.00,-12532.00,-9568.00,-3168.00
13966,105.00,-93.00,-159.00,-14788.00,-12444.00,-9768.00,-3168.00
14022,98.00,-68.00,-161.00,-14748.00,-12468.00,-9592.00,-3152.00
14078,93.00,-31.00,-182.00,-14716.00,-12408.00,-9388.00,-3152.00
14135,88.00,519.00,-234.00,-14712.00,-12484.00,-9712.00,-3152.00
14192,71.00,-416.00,-163.00,-14692.00,-12384.00,-9600.00,-3152.00
14248,94.00,48.00,-192.00,-14636.00,-12456.00,-9588.00,-3168.00
14305,108.00,-126.00,-165.00,-14628.00,-12408.00,-9636.00,-3184.00
14362,83.00,111.00,-216.00,-14668.00,-12416.00,-9524.00,-3168.00
14418,84.00,66.00,-183.00,-14724.00,-12532.00,-9740.00,-3152.00
14475,108.00,324.00,-199.00,-14776.00,-12480.00,-9480.00,-3184.00
14531,188.00,912.00,-240.00,-14688.00,-12412.00,-9484.00,-3184.00
14588,216.00,94.00,-209.00,-14628.00,-12504.00,-10040.00,-3168.00
14645,81.00,1011.00,-311.00,-14744.00,-12496.00,-9824.00,-3152.00
14701,176.00,1697.00,-342.00,-14748.00,-12544.00,-10240.00,-3152.00
14758,125.00,1313.00,-299.00,-14620.00,-12472.00,-10392.00,-3120.00
14815,-308.00,1779.00,-387.00,-14548.00,-12688.00,-10116.00,-3184.00
14872,-156.00,2413.00,-660.00,-14640.00,-12752.00,-10532.00,-3184.00
14928,25.00,4143.00,-967.00,-14652.00,-12744.00,-10672.00,-3168.00
14986,-29.00,4508.00,-549.00,-14492.00,-12672.00,-11304.00,-3184.00
15042,-996.00,6540.00,-560.00,-14640.00,-12656.00,-12056.00,-3184.00
15099,598.00,3371.00,-2775.00,-16636.00,-12424.00,-13396.00,-3200.00
15156,343.00,11667.00,-2734.00,-13092.00,-11568.00,-10812.00,-3168.00
15213,-2423.00,12725.00,-3699.00,-15196.00,-13396.00,-14688.00,-3168.00
15269,-1324.00,9541.00,-3504.00,-14064.00,-13844.00,-15852.00,-3184.00
15327,558.00,4522.00,2277.00,-13564.00,-15748.00,-17024.00,-3152.00
15383,-4458.00,4259.00,1215.00,-9976.00,-13916.00,-16836.00,-3184.00
15440,-6318.00,9101.00,-837.00,-12524.00,-12848.00,-19104.00,-3184.00
15497,-6330.00,4934.00,624.00,-10700.00,-12860.00,-19348.00,-3152.00
15554,-12463.00,4144.00,-2928.00,-12372.00,-12752.00,-20456.00,-3152.00
15610,-6051.00,9159.00,7529.00,-7936.00,-12492.00,-21188.00,-3136.00
15668,4927.00,24161.00,3665.00,-9628.00,-8468.00,-21196.00,-3168.00
15724,-26.00,8571.00,286.00,-1496.00,-9160.00,-19088.00,-3200.00
15781,2202.00,-254.00,606.00,-12524.00,-9728.00,-23632.00,-3168.00
15838,-462.00,-896.00,-2043.00,-6700.00,-8644.00,-27108.00,-3184.00
15894,-879.00,6824.00,-2399.00,-6424.00,-10548.00,-21212.00,-3168.00
15951,-107.00,20396.00,5989.00,-5752.00,-9540.00,-23756.00,-3136.00
16008,3342.00,13175.00,2520.00,-5140.00,-10792.00,-22752.00,-3152.00
16065,6387.00,11667.00,4857.00,-1604.00,-10048.00,-27964.00,-3184.00
16121,12396.00,453.00,4944.00,540.00,-10592.00,-23460.00,-3120.00
16179,-2145.00,3398.00,1335.00,-3140.00,-12292.00,-26324.00,-3184.00
16235,511.00,10337.00,1291.00,1804.00,-11128.00,-26824.00,-3184.00
16292,-2819.00,36.00,-1004.00,2332.00,-11180.00,-22996.00,-3184.00
16349,-3113.00,-2880.00,830.00,2692.00,-10100.00,-27560.00,-3168.00
16406,-2039.00,-929.00,-88.00,828.00,-10636.00,-25652.00,-3152.00
16462,291.00,433.00,-120.00,1212.00,-10220.00,-26368.00,-3152.00
16519,-1109.00,-385.00,-346.00,-196.00,-10740.00,-25884.00,-3168.00
16576,-795.00,-760.00,-725.00,1328.00,-10036.00,-25792.00,-3152.00
16632,-405.00,217.00,638.00,460.00,-10232.00,-26580.00,-3184.00
16689,-658.00,2148.00,83.00,1760.00,-10008.00,-24928.00,-3200.00
16746,531.00,824.00,59.00,1104.00,-10152.00,-25312.00,-3168.00
16802,991.00,2274.00,127.00,1444.00,-10040.00,-25388.00,-3168.00
16859,1449.00,2046.00,-102.00,1764.00,-10292.00,-25752.00,-3152.00
16916,2129.00,435.00,55.00,1856.00,-10508.00,-25816.00,-3184.00
16972,1162.00,1143.00,-229.00,2136.00,-10744.00,-25852.00,-3184.00
17030,915.00,189.00,165.00,1896.00,-10808.00,-25552.00,-3184.00
17086,1023.00,46.00,-102.00,2128.00,-11312.00,-25716.00,-3152.00
17142,1229.00,54.00,30.00,2360.00,-11148.00,-25804.00,-3136.00
17200,304.00,-170.00,-42.00,2252.00,-11452.00,-25912.00,-3168.00
17256,256.00,-77.00,-151.00,2080.00,-11324.00,-25932.00,-3200.00
17312,345.00,-102.00,-33.00,2228.00,-11380.00,-25780.00,-3184.00
17369,76.00,-59.00,-250.00,2156.00,-11452.00,-25936.00,-3184.00
17426,192.00,-104.00,-189.00,2216.00,-11428.00,-25900.00,-3152.00
17482,168.00,200.00,-181.00,2228.00,-11468.00,-25956.00,-3184.00
17539,97.00,-157.00,-150.00,2432.00,-11236.00,-25976.00,-3168.00
17596,234.00,234.00,-164.00,2072.00,-11476.00,-25884.00,-3168.00
17652,156.00,-126.00,-167.00,2164.00,-11368.00,-25836.00,-3136.00
17709,299.00,136.00,-71.00,2296.00,-11448.00,-25880.00,-3184.00
17766,193.00,124.00,-207.00,2144.00,-11536.00,-25956.00,-3152.00
17822,165.00,276.00,-160.00,2156.00,-11396.00,-25840.00,-3168.00
17879,188.00,-42.00,-126.00,2164.00,-11412.00,-25908.00,-3200.00
17936,112.00,-40.00,-168.00,2184.00,-11612.00,-25848.00,-3168.00
17992,94.00,-114.00,-157.00,2244.00,-11436.00,-25976.00,-3184.00
18049,117.00,120.00,-196.00,2252.00,-11548.00,-25996.00,-3184.00
18106,89.00,-192.00,-215.00,2352.00,-11460.00,-25816.00,-3200.00
18162,66.00,-42.00,-216.00,2280.00,-11480.00,-25948.00,-3168.00
18219,100.00,-54.00,-152.00,2220.00,-11524.00,-25924.00,-3168.00
18275,140.00,36.00,-173.00,2188.00,-11620.00,-25940.00,-3168.00
18332,128.00,-119.00,-144.00,2220.00,-11436.00,-25872.00,-3168.00
18388,156.00,0.00,-150.00,2088.00,-11544.00,-25984.00,-3152.00
18445,68.00,89.00,-224.00,2172.00,-11480.00,-25968.00,-3168.00
18501,203.00,30.00,-127.00,2076.00,-11420.00,-25996.00,-3168.00
18558,166.00,34.00,-141.00,2196.00,-11508.00,-25908.00,-3168.00
18615,102.00,7.00,-168.00,2208.00,-11564.00,-25916.00,-3168.00
18671,160.00,-73.00,-155.00,2308.00,-11560.00,-25880.00,-3168.00
18728,98.00,-3.00,-190.00,2212.00,-11464.00,-25908.00,-3200.00
18785,120.00,-55.00,-174.00,2212.00,-11480.00,-25928.00,-3200.00
18841,87.00,67.00,-200.00,2164.00,-11556.00,-25892.00,-3168.00
18897,104.00,50.00,-199.00,2204.00,-11564.00,-26048.00,-3184.00
18955,109.00,141.00,-149.00,2200.00,-11588.00,-25888.00,-3184.00
19011,92.00,-131.00,-182.00,2272.00,-11528.00,-25924.00,-3168.00
19067,95.00,74.00,-187.00,2328.00,-11576.00,-26044.00,-3168.00
19124,91.00,-33.00,-182.00,2140.00,-11548.00,-25876.00,-3136.00
19181,107.00,6.00,-177.00,2164.00,-11612.00,-25844.00,-3168.00
19237,127.00,44.00,-156.00,2196.00,-11672.00,-25916.00,-3152.00
19294,101.00,86.00,-199.00,2160.00,-11580.00,-25860.00,-3152.00
19350,56.00,-88.00,-178.00,2168.00,-11528.00,-25884.00,-3168.00
19407,128.00,90.00,-174.00,2252.00,-11660.00,-25836.00,-3152.00
19464,55.00,133.00,-223.00,2236.00,-11652.00,-25816.00,-3168.00
19520,130.00,2.00,-159.00,2260.00,-11532.00,-25976.00,-3168.00
19577,110.00,-134.00,-154.00,2176.00,-11544.00,-25968.00,-3168.00
19634,77.00,118.00,-233.00,2160.00,-11580.00,-25988.00,-3168.00
19690,113.00,-92.00,-159.00,2300.00,-11608.00,-25864.00,-3168.00
19746,108.00,-61.00,-165.00,2336.00,-11544.00,-25852.00,-3184.00
19804,135.00,-4.00,-163.00,2172.00,-11512.00,-26008.00,-3152.00
19860,141.00,-37.00,-172.00,2120.00,-11656.00,-25936.00,-3168.00
19916,82.00,4.00,-220.00,2120.00,-11608.00,-25964.00,-3184.00
19974,78.00,69.00,-197.00,2164.00,-11656.00,-25852.00,-3168.00
20030,130.00,123.00,-151.00,2184.00,-11556.00,-25996.00,-3168.00
20086,89.00,239.00,-230.00,2248.00,-11568.00,-25868.00,-3168.00
20143,155.00,-173.00,-114.00,2240.00,-11684.00,-25780.00,-3168.00
20200,114.00,43.00,-169.00,2268.00,-11564.00,-25948.00,-3152.00
20256,100.00,21.00,-173.00,2184.00,-11596.00,-25928.00,-3184.00
20313,118.00,39.00,-202.00,2388.00,-11688.00,-25884.00,-3152.00
20370,130.00,7.00,-168.00,2308.00,-11648.00,-25848.00,-3120.00
20426,101.00,90.00,-173.00,2280.00,-11640.00,-25796.00,-3152.00
20483,80.00,-102.00,-171.00,2324.00,-11596.00,-25940.00,-3152.00
20539,89.00,-111.00,-157.00,2292.00,-11596.00,-26020.00,-3184.00
20596,74.00,251.00,-249.00,2400.00,-11724.00,-25888.00,-3168.00
20653,122.00,-224.00,-140.00,2132.00,-11668.00,-25952.00,-3168.00
20709,88.00,-52.00,-173.00,2380.00,-11544.00,-25840.00,-3184.00
20766,107.00,-119.00,-162.00,2228.00,-11548.00,-25752.00,-3152.00
20823,73.00,43.00,-200.00,2272.00,-11636.00,-25824.00,-3136.00
20879,108.00,-339.00,-152.00,2200.00,-11592.00,-25940.00,-3152.00
20935,80.00,189.00,-175.00,2148.00,-11636.00,-25820.00,-3168.00
20993,38.00,-189.00,-189.00,2128.00,-11680.00,-25972.00,-3152.00
21049,94.00,-197.00,-196.00,2152.00,-11572.00,-26028.00,-3152.00
21105,145.00,50.00,-170.00,2292.00,-11640.00,-25904.00,-3120.00
21163,50.00,-211.00,-245.00,2176.00,-11532.00,-25916.00,-3152.00
21219,133.00,-117.00,-118.00,2228.00,-11596.00,-25924.00,-3168.00
21275,95.00,-7.00,-180.00,2228.00,-11644.00,-26088.00,-3184.00
21331,60.00,-288.00,-245.00,2192.00,-11640.00,-25816.00,-3168.00
21389,58.00,578.00,-238.00,2036.00,-11588.00,-25924.00,-3120.00
21445,61.00,-216.00,-222.00,2092.00,-11664.00,-25932.00,-3184.00
21501,90.00,39.00,-177.00,1996.00,-11636.00,-25956.00,-3136.00
21559,99.00,17.00,-198.00,2212.00,-11644.00,-25976.00,-3168.00
21615,77.00,225.00,-210.00,2068.00,-11644.00,-25844.00,-3184.00
21671,74.00,59.00,-199.00,2232.00,-11668.00,-25872.00,-3136.00
21728,110.00,-28.00,-158.00,2188.00,-11712.00,-25880.00,-3168.00
21785,33.00,-12.00,-239.00,2160.00,-11664.00,-25792.00,-3200.00
21841,35.00,67.00,-238.00,2160.00,-11628.00,-25964.00,-3168.00
21898,122.00,-141.00,-179.00,2180.00,-11564.00,-25712.00,-3168.00
21954,107.00,-97.00,-149.00,2112.00,-11580.00,-25976.00,-3168.00
22011,88.00,38.00,-198.00,2284.00,-11596.00,-25896.00,-3152.00
22068,87.00,-55.00,-202.00,2040.00,-11608.00,-25888.00,-3136.00
22124,119.00,-347.00,-165.00,2212.00,-11636.00,-25920.00,-3168.00
22181,98.00,-239.00,-165.00,1988.00,-11624.00,-25916.00,-3152.00
22238,42.00,-131.00,-199.00,2012.00,-11632.00,-25992.00,-3184.00
22294,47.00,76.00,-187.00,2168.00,-11576.00,-25788.00,-3136.00
22350,23.00,-63.00,-227.00,1988.00,-11608.00,-25812.00,-3168.00
22408,-227.00,-64.00,-390.00,2004.00,-11604.00,-25888.00,-3168.00
22464,112.00,-740.00,-204.00,2072.00,-11564.00,-25872.00,-3168.00
22520,-168.00,196.00,-340.00,1896.00,-11616.00,-25808.00,-3184.00
22578,-554.00,-1787.00,-484.00,2084.00,-11520.00,-25868.00,-3168.00
22634,-2171.00,-46.00,139.00,2764.00,-10888.00,-25168.00,-3152.00
22690,-1014.00,333.00,-197.00,748.00,-11448.00,-26152.00,-3200.00
22748,-212.00,21.00,-403.00,1768.00,-11164.00,-25840.00,-3184.00
22804,74.00,108.00,-219.00,1696.00,-11112.00,-25936.00,-3168.00
22860,327.00,-894.00,-38.00,1808.00,-11100.00,-25968.00,-3136.00
22918,73.00,-45.00,-227.00,1796.00,-11108.00,-25924.00,-3152.00
22974,228.00,-1126.00,-82.00,1656.00,-11080.00,-25876.00,-3168.00
23030,137.00,-1159.00,-214.00,1396.00,-11248.00,-25952.00,-3184.00
23088,258.00,-972.00,-160.00,1548.00,-11084.00,-26004.00,-3200.00
23144,2298.00,-8328.00,-148.00,1756.00,-11068.00,-26092.00,-3152.00
23200,565.00,-8474.00,-222.00,-164.00,-11276.00,-25620.00,-3184.00
23258,-1796.00,-18107.00,-3332.00,-2072.00,-14356.00,-32768.00,-3168.00
23314,-2108.00,-16643.00,-1784.00,2460.00,-15928.00,-32768.00,-3168.00
23371,-2467.00,-17326.00,-1829.00,-6512.00,-12236.00,-27844.00,-3184.00
23428,-19.00,-3916.00,-1514.00,-1280.00,-10360.00,-25988.00,-3152.00
23485,-85.00,-3226.00,-2595.00,-5716.00,-10960.00,-23548.00,-3152.00
23541,913.00,-13336.00,-2611.00,-3740.00,-9412.00,-25128.00,-3200.00
23599,631.00,-8524.00,-863.00,-9756.00,-11948.00,-20716.00,-3152.00
23655,-754.00,-12559.00,-2936.00,-3964.00,-11796.00,-18968.00,-3184.00
23712,-692.00,-11709.00,-2005.00,-10680.00,-13268.00,-18892.00,-3152.00
23769,697.00,-7893.00,-379.00,-11524.00,-12116.00,-18804.00,-3168.00
23826,1523.00,-9360.00,-436.00,-12432.00,-12620.00,-18148.00,-3152.00
23882,1505.00,-13194.00,-1675.00,-14156.00,-10660.00,-16268.00,-3168.00
23940,-457.00,-10240.00,-64.00,-14728.00,-13468.00,-12244.00,-3184.00
23996,402.00,-5418.00,-94.00,-14152.00,-12932.00,-12912.00,-3136.00
24053,-320.00,-1616.00,76.00,-14348.00,-12824.00,-12864.00,-3184.00
24110,670.00,-7129.00,1265.00,-13872.00,-12812.00,-11936.00,-3184.00
24167,62.00,-10486.00,1546.00,-14896.00,-13204.00,-11536.00,-3184.00
24223,308.00,-6509.00,5.00,-17628.00,-11464.00,-9904.00,-3120.00
24280,25.00,-441.00,-184.00,-14520.00,-12448.00,-8872.00,-3136.00
24337,98.00,-126.00,-203.00,-14808.00,-12376.00,-9180.00,-3168.00
24393,78.00,198.00,-146.00,-14652.00,-12484.00,-9072.00,-3136.00
24450,92.00,-62.00,-168.00,-14736.00,-12464.00,-9092.00,-3152.00
24507,101.00,-82.00,-174.00,-14876.00,-12348.00,-9148.00,-3152.00
24563,90.00,-844.00,-216.00,-13780.00,-12484.00,-8412.00,-3216.00
24620,119.00,197.00,-194.00,-14956.00,-12436.00,-9100.00,-3184.00
24676,96.00,-169.00,-193.00,-14752.00,-12408.00,-8956.00,-3136.00
24733,87.00,132.00,-189.00,-14764.00,-12376.00,-9008.00,-3168.00
24790,99.00,113.00,-200.00,-14660.00,-12456.00,-9044.00,-3152.00
24846,98.00,164.00,-183.00,-14716.00,-12392.00,-9000.00,-3152.00
24903,84.00,126.00,-207.00,-14760.00,-12524.00,-9124.00,-3152.00
24960,89.00,53.00,-197.00,-14680.00,-12464.00,-8912.00,-3200.00
25016,82.00,85.00,-190.00,-14728.00,-12492.00,-8984.00,-3184.00
25072,99.00,16.00,-205.00,-14628.00,-12456.00,-9148.00,-3184.00
25129,86.00,36.00,-195.00,-14736.00,-12284.00,-9012.00,-3152.00
25186,110.00,-32.00,-182.00,-14820.00,-12428.00,-8996.00,-3152.00
25242,89.00,58.00,-162.00,-14688.00,-12468.00,-8960.00,-3168.00
25298,88.00,90.00,-196.00,-14600.00,-12468.00,-8924.00,-3136.00
25356,84.00,-17.00,-210.00,-14748.00,-12456.00,-9020.00,-3152.00
25412,93.00,34.00,-179.00,-14680.00,-12344.00,-9104.00,-3152.00
25468,106.00,-24.00,-231.00,-14620.00,-12484.00,-9008.00,-3152.00
25526,109.00,21.00,-184.00,-14784.00,-12436.00,-9152.00,-3136.00
25582,78.00,30.00,-209.00,-14828.00,-12416.00,-9140.00,-3168.00
25638,94.00,-68.00,-190.00,-14796.00,-12524.00,-9040.00,-3136.00
25695,63.00,30.00,-202.00,-14836.00,-12348.00,-9296.00,-3168.00
25752,99.00,-27.00,-175.00,-14872.00,-12400.00,-8828.00,-3168.00
25808,97.00,-5.00,-202.00,-14668.00,-12408.00,-9112.00,-3168.00
25865,106.00,6.00,-192.00,-14664.00,-12412.00,-8920.00,-3168.00
25921,82.00,-103.00,-183.00,-14676.00,-12412.00,-8956.00,-3136.00
25978,101.00,-53.00,-210.00,-14764.00,-12484.00,-8960.00,-3168.00
26035,104.00,-167.00,-177.00,-14716.00,-12364.00,-9040.00,-3168.00
26091,73.00,-13.00,-244.00,-14632.00,-12384.00,-8984.00,-3152.00
26147,121.00,-822.00,-188.00,-14708.00,-12480.00,-8868.00,-3152.00
26205,470.00,-9.00,-280.00,-15980.00,-12328.00,-7900.00,-3136.00
26261,1730.00,-979.00,-317.00,-13608.00,-12284.00,-9348.00,-3168.00
26317,1253.00,-4871.00,-272.00,-16752.00,-13780.00,-10112.00,-3152.00
26375,404.00,-13319.00,-36.00,-14884.00,-12480.00,-7056.00,-3152.00
26431,208.00,-15138.00,121.00,-14840.00,-12268.00,-5252.00,-3152.00
26488,-148.00,-17433.00,437.00,-12944.00,-12252.00,-2272.00,-3136.00
26545,-2025.00,-13590.00,1412.00,-13140.00,-12572.00,-2448.00,-3136.00
26602,1412.00,-21222.00,-289.00,-10024.00,-10284.00,2076.00,-3200.00
26658,1180.00,-31881.00,802.00,-3392.00,-10684.00,3636.00,-3136.00
26716,956.00,-22855.00,-999.00,-5888.00,-13716.00,1516.00,-3168.00
26772,-252.00,-32768.00,2883.00,280.00,-16160.00,-796.00,-3152.00
26829,-23.00,-832.00,768.00,-248.00,-9780.00,7668.00,-3168.00
26886,64.00,-12.00,-188.00,1580.00,-12112.00,7856.00,-3152.00
26942,78.00,-36.00,-176.00,1696.00,-11988.00,7732.00,-3152.00
26998,73.00,-60.00,-168.00,1724.00,-12068.00,7688.00,-3136.00
27055,78.00,-105.00,-164.00,1692.00,-12032.00,7640.00,-3136.00
27112,68.00,-83.00,-164.00,1768.00,-11992.00,7668.00,-3168.00
27168,70.00,-29.00,-194.00,1760.00,-12084.00,7792.00,-3152.00
27225,41.00,-223.00,-201.00,1996.00,-12084.00,7768.00,-3120.00
27281,80.00,-143.00,-195.00,1708.00,-12092.00,7856.00,-3152.00
27337,75.00,-117.00,-209.00,1716.00,-12068.00,7788.00,-3152.00
27395,69.00,-58.00,-205.00,1832.00,-12072.00,7596.00,-3168.00
27451,22.00,-366.00,-171.00,2616.00,-12268.00,7328.00,-3184.00
27507,57.00,-78.00,-200.00,1876.00,-12028.00,7780.00,-3184.00
27564,87.00,-53.00,-168.00,1344.00,-12024.00,7932.00,-3184.00
27620,57.00,-49.00,-229.00,2244.00,-12040.00,7448.00,-3136.00
27677,143.00,118.00,-175.00,2144.00,-12228.00,7828.00,-3152.00
27734,97.00,6.00,-200.00,1996.00,-12004.00,7752.00,-3152.00
27790,86.00,34.00,-223.00,1840.00,-11980.00,7720.00,-3168.00
27846,100.00,24.00,-214.00,1772.00,-12044.00,7748.00,-3152.00
27902,141.00,312.00,-190.00,2064.00,-12120.00,7660.00,-3152.00
27960,70.00,11.00,-207.00,1864.00,-12148.00,7696.00,-3152.00
28016,66.00,-9.00,-210.00,1800.00,-12112.00,7716.00,-3152.00
28072,92.00,31.00,-214.00,1844.00,-12080.00,7804.00,-3168.00
28129,80.00,9.00,-191.00,1820.00,-12056.00,7780.00,-3152.00
28185,82.00,-5.00,-183.00,1840.00,-12048.00,7512.00,-3136.00
28242,89.00,11.00,-174.00,1828.00,-12048.00,7756.00,-3184.00
28299,89.00,21.00,-185.00,1780.00,-11996.00,7544.00,-3152.00
28355,105.00,-5.00,-189.00,1820.00,-12096.00,7808.00,-3168.00
28411,86.00,-5.00,-182.00,1772.00,-12128.00,7760.00,-3200.00
28468,105.00,-25.00,-188.00,1824.00,-11940.00,7848.00,-3184.00
28525,94.00,8.00,-204.00,1772.00,-12112.00,7728.00,-3120.00
28581,87.00,27.00,-182.00,1824.00,-12060.00,7752.00,-3168.00
28638,68.00,26.00,-171.00,1760.00,-12068.00,7888.00,-3184.00
28694,82.00,15.00,-202.00,1880.00,-12020.00,7844.00,-3168.00
28750,67.00,-9.00,-210.00,1880.00,-12024.00,7688.00,-3136.00
28807,95.00,24.00,-158.00,1796.00,-12024.00,7848.00,-3152.00
28864,88.00,-2.00,-188.00,1832.00,-12028.00,7728.00,-3136.00
28920,97.00,33.00,-211.00,1896.00,-12056.00,7852.00,-3152.00
28977,76.00,24.00,-226.00,1784.00,-12084.00,7696.00,-3184.00
29033,85.00,25.00,-198.00,1828.00,-12028.00,7588.00,-3168.00
29089,77.00,27.00,-205.00,1832.00,-11992.00,7844.00,-3136.00
29146,72.00,42.00,-202.00,1876.00,-11928.00,7756.00,-3152.00
29203,73.00,3.00,-173.00,1836.00,-12080.00,7788.00,-3152.00
29259,70.00,212.00,-184.00,1208.00,-11948.00,8372.00,-3168.00
29316,166.00,-71.00,-195.00,1704.00,-11900.00,7168.00,-3152.00
29372,111.00,-36.00,-190.00,1852.00,-12032.00,7812.00,-3152.00
29428,63.00,15.00,-203.00,1824.00,-12036.00,8096.00,-3152.00
29486,93.00,-1.00,-193.00,1808.00,-12040.00,7812.00,-3120.00
29542,74.00,28.00,-185.00,1832.00,-12080.00,7780.00,-3136.00
29598,108.00,10.00,-211.00,1900.00,-12096.00,7876.00,-3184.00
29655,74.00,10.00,-190.00,1964.00,-12024.00,7660.00,-3184.00
29711,95.00,3.00,-200.00,1896.00,-11992.00,7752.00,-3152.00
29767,88.00,51.00,-189.00,1880.00,-12036.00,7704.00,-3168.00
29825,65.00,33.00,-193.00,1812.00,-12012.00,7812.00,-3184.00
29881,95.00,13.00,-183.00,1868.00,-12016.00,7784.00,-3152.00
29937,88.00,-1.00,-199.00,1792.00,-12060.00,7736.00,-3168.00
29993,78.00,22.00,-171.00,1844.00,-12028.00,7744.00,-3152.00
30050,74.00,17.00,-184.00,1776.00,-12112.00,7676.00,-3152.00
30107,32.00,74.00,-220.00,1796.00,-12124.00,7548.00,-3152.00
30163,60.00,29.00,-218.00,1740.00,-12020.00,7484.00,-3136.00
30220,102.00,-6.00,-201.00,1884.00,-12088.00,7744.00,-3152.00
30276,101.00,38.00,-175.00,1852.00,-12244.00,7680.00,-3152.00
30332,118.00,-12.00,-205.00,1804.00,-11976.00,7540.00,-3152.00
30390,101.00,9.00,-199.00,1788.00,-12104.00,7572.00,-3152.00
30446,77.00,16.00,-194.00,1808.00,-12020.00,7548.00,-3168.00
30502,78.00,29.00,-211.00,1812.00,-12020.00,7660.00,-3168.00
30559,62.00,3.00,-202.00,1848.00,-12020.00,7800.00,-3152.00
30615,106.00,6.00,-164.00,1900.00,-12148.00,7628.00,-3168.00
30671,112.00,-4.00,-204.00,1776.00,-12076.00,7784.00,-3136.00
30729,83.00,26.00,-171.00,1748.00,-12024.00,7812.00,-3152.00
30785,62.00,23.00,-159.00,1892.00,-12048.00,7700.00,-3184.00
30841,96.00,6.00,-210.00,1836.00,-12124.00,7812.00,-3168.00
30898,106.00,12.00,-185.00,1760.00,-12032.00,7716.00,-3168.00
30954,87.00,-2.00,-201.00,1804.00,-12136.00,7692.00,-3152.00
31011,89.00,17.00,-191.00,1868.00,-11976.00,7848.00,-3184.00
